time,temperature_2m,relative_humidity_2m,dew_point_2m,precipitation_probability,precipitation,rain,showers,snowfall,snow_depth,weather_code,pressure_msl,surface_pressure,cloud_cover,evapotranspiration,vapour_pressure_deficit,wind_speed_10m,wind_direction_10m,wind_gusts_10m,soil_temperature_0cm,soil_temperature_6cm,soil_temperature_18cm,soil_temperature_54cm,soil_moisture_0_to_1cm,soil_moisture_1_to_3cm,soil_moisture_3_to_9cm,soil_moisture_9_to_27cm,soil_moisture_27_to_81cm
2026-03-23 00:00:00,11.5,73,6.8,13,0.0,0.0,0.0,0.0,0.0,3,1013.8,995.4,78,0.0,0.37,8.1,193,17.6,11.7,13.2,14.7,13.4,0.269,0.27,0.273,0.285,0.318
2026-03-23 01:00:00,11.2,76,7.1,0,0.0,0.0,0.0,0.0,0.0,2,1013.9,995.5,61,0.0,0.32,8.8,235,20.5,11.3,12.7,14.5,13.4,0.27,0.27,0.273,0.285,0.318
2026-03-23 02:00:00,10.7,78,7.0,0,0.0,0.0,0.0,0.0,0.0,1,1014.1,995.6,60,0.0,0.28,5.4,262,17.3,10.7,12.3,14.3,13.4,0.27,0.271,0.274,0.285,0.318
2026-03-23 03:00:00,9.7,86,7.4,0,0.0,0.0,0.0,0.0,0.0,1,1014.5,996.0,27,0.0,0.17,6.3,283,13.0,9.6,11.6,14.1,13.4,0.271,0.271,0.274,0.285,0.318
2026-03-23 04:00:00,8.9,91,7.5,0,0.0,0.0,0.0,0.0,0.0,2,1014.9,996.3,54,0.0,0.1,3.1,306,12.6,9.0,10.9,13.8,13.5,0.271,0.272,0.274,0.286,0.318
2026-03-23 05:00:00,7.4,89,5.7,0,0.0,0.0,0.0,0.0,0.0,3,1015.1,996.4,0,0.0,0.11,4.4,351,5.0,8.0,10.1,13.5,13.4,0.268,0.268,0.271,0.284,0.318
2026-03-23 06:00:00,6.4,89,4.7,0,0.0,0.0,0.0,0.0,0.0,1,1015.8,997.0,0,0.0,0.11,3.9,22,10.4,7.3,9.4,13.1,13.4,0.268,0.269,0.271,0.284,0.318
2026-03-23 07:00:00,5.7,92,4.5,0,0.0,0.0,0.0,0.0,0.0,2,1016.3,997.5,82,0.0,0.07,3.5,336,7.9,7.3,8.9,12.8,13.4,0.269,0.269,0.272,0.284,0.318
2026-03-23 08:00:00,6.0,90,4.5,0,0.0,0.0,0.0,0.0,0.0,3,1017.4,998.6,85,0.0,0.09,1.8,259,8.6,7.9,8.9,12.5,13.4,0.269,0.27,0.272,0.284,0.318
2026-03-23 09:00:00,6.5,90,5.0,0,0.0,0.0,0.0,0.0,0.0,3,1018.1,999.3,100,0.0,0.1,3.9,236,8.6,9.4,9.2,12.2,13.4,0.269,0.27,0.272,0.284,0.318
2026-03-23 10:00:00,7.0,88,5.2,0,0.0,0.0,0.0,0.0,0.0,3,1018.5,999.7,100,0.0,0.12,4.2,250,10.4,11.2,10.0,12.0,13.4,0.27,0.27,0.273,0.284,0.318
2026-03-23 11:00:00,8.1,84,5.6,0,0.0,0.0,0.0,0.0,0.0,3,1020.2,1001.4,91,0.0,0.17,3.6,307,10.4,14.5,11.4,11.9,13.4,0.27,0.27,0.273,0.284,0.318
2026-03-23 12:00:00,9.2,81,6.1,0,0.0,0.0,0.0,0.0,0.0,3,1020.4,1001.7,99,0.0,0.22,5.4,318,12.6,16.9,13.3,12.0,13.4,0.269,0.27,0.273,0.284,0.317
2026-03-23 13:00:00,10.6,74,6.2,0,0.0,0.0,0.0,0.0,0.0,2,1020.4,1001.8,67,0.0,0.33,6.3,329,15.1,20.8,15.4,12.3,13.3,0.269,0.27,0.273,0.284,0.317
2026-03-23 14:00:00,13.2,60,5.6,0,0.0,0.0,0.0,0.0,0.0,1,1019.8,1001.4,14,0.0,0.61,5.9,346,15.5,24.6,18.5,12.8,13.3,0.268,0.27,0.273,0.284,0.317
2026-03-23 15:00:00,14.5,50,4.2,0,0.0,0.0,0.0,0.0,0.0,1,1019.2,1000.9,7,0.0,0.83,7.4,337,17.6,25.3,20.5,13.4,13.3,0.267,0.269,0.273,0.284,0.317
2026-03-23 16:00:00,15.3,41,2.1,0,0.0,0.0,0.0,0.0,0.0,0,1019.2,1000.9,0,0.0,1.03,8.8,341,20.2,24.8,21.5,14.1,13.3,0.266,0.268,0.273,0.284,0.317
2026-03-23 17:00:00,15.7,39,1.7,0,0.0,0.0,0.0,0.0,0.0,0,1018.8,1000.6,0,0.0,1.09,9.5,335,24.1,22.9,21.4,14.7,13.3,0.266,0.268,0.272,0.284,0.317
2026-03-23 18:00:00,15.6,39,1.7,0,0.0,0.0,0.0,0.0,0.0,0,1019.2,1000.9,0,0.0,1.08,8.7,330,23.0,20.6,20.6,15.2,13.4,0.266,0.267,0.272,0.284,0.317
2026-03-23 19:00:00,15.4,42,2.5,0,0.0,0.0,0.0,0.0,0.0,1,1019.3,1001.0,0,0.0,1.01,8.9,317,19.1,17.7,19.3,15.6,13.4,0.266,0.267,0.272,0.284,0.317
2026-03-23 20:00:00,14.6,44,2.5,0,0.0,0.0,0.0,0.0,0.0,0,1020.5,1002.2,0,0.0,0.93,7.1,330,21.2,14.5,17.4,15.8,13.4,0.266,0.268,0.272,0.284,0.317
2026-03-23 21:00:00,13.4,53,4.0,0,0.0,0.0,0.0,0.0,0.0,0,1020.9,1002.5,0,0.0,0.72,4.0,297,14.4,12.9,15.5,15.8,13.4,0.267,0.268,0.272,0.284,0.317
2026-03-23 22:00:00,12.4,55,3.6,0,0.0,0.0,0.0,0.0,0.0,1,1021.7,1003.2,6,0.0,0.65,3.6,307,9.4,11.7,14.1,15.6,13.4,0.268,0.269,0.272,0.284,0.317
2026-03-23 23:00:00,11.4,62,4.3,0,0.0,0.0,0.0,0.0,0.0,0,1021.8,1003.2,0,0.0,0.51,1.5,225,7.9,10.7,13.1,15.4,13.5,0.269,0.269,0.272,0.284,0.317
2026-03-24 00:00:00,9.9,71,4.9,0,0.0,0.0,0.0,0.0,0.0,0,1022.4,1003.7,0,0.0,0.35,2.8,230,5.0,10.0,12.2,15.1,13.5,0.269,0.27,0.272,0.284,0.316
2026-03-24 01:00:00,8.8,76,4.8,0,0.0,0.0,0.0,0.0,0.0,1,1022.9,1004.1,57,0.0,0.27,2.3,231,6.1,9.3,11.4,14.7,13.5,0.27,0.27,0.273,0.284,0.316
2026-03-24 02:00:00,8.1,78,4.5,0,0.0,0.0,0.0,0.0,0.0,0,1023.2,1004.4,8,0.0,0.24,4.2,211,7.2,8.7,10.7,14.3,13.5,0.27,0.271,0.273,0.284,0.316
2026-03-24 03:00:00,7.6,79,4.2,0,0.0,0.0,0.0,0.0,0.0,1,1023.6,1004.8,24,0.0,0.22,1.1,270,8.3,8.2,10.1,14.0,13.5,0.27,0.271,0.273,0.284,0.316
2026-03-24 04:00:00,7.0,81,3.9,0,0.0,0.0,0.0,0.0,0.0,0,1023.3,1004.4,0,0.0,0.19,3.2,207,6.5,7.7,9.6,13.6,13.5,0.271,0.271,0.274,0.284,0.316
2026-03-24 05:00:00,6.4,85,4.0,0,0.0,0.0,0.0,0.0,0.0,0,1022.7,1003.8,0,0.0,0.14,3.1,201,10.4,7.2,9.1,13.2,13.5,0.265,0.266,0.269,0.282,0.316
2026-03-24 06:00:00,5.9,83,3.3,0,0.0,0.0,0.0,0.0,0.0,0,1022.9,1004.0,0,0.0,0.16,3.7,209,7.9,6.9,8.7,12.8,13.5,0.266,0.266,0.269,0.282,0.316
2026-03-24 07:00:00,5.5,83,2.8,0,0.0,0.0,0.0,0.0,0.0,0,1023.5,1004.5,0,0.0,0.15,2.7,203,7.6,6.5,8.3,12.5,13.5,0.266,0.267,0.27,0.282,0.316
2026-03-24 08:00:00,5.3,85,3.0,0,0.0,0.0,0.0,0.0,0.0,0,1023.6,1004.6,1,0.0,0.13,3.5,204,5.8,6.4,8.0,12.1,13.5,0.267,0.267,0.27,0.282,0.316
2026-03-24 09:00:00,5.6,82,2.7,0,0.0,0.0,0.0,0.0,0.0,0,1024.7,1005.7,0,0.0,0.16,3.4,198,7.6,8.2,8.0,11.8,13.4,0.267,0.268,0.27,0.282,0.316
2026-03-24 10:00:00,7.4,74,3.1,0,0.0,0.0,0.0,0.0,0.0,0,1024.3,1005.4,0,0.0,0.27,2.6,196,9.7,12.3,9.2,11.5,13.4,0.267,0.268,0.271,0.282,0.316
2026-03-24 11:00:00,10.7,62,3.7,0,0.0,0.0,0.0,0.0,0.0,2,1024.8,1006.1,21,0.0,0.49,2.5,225,8.6,17.2,12.0,11.5,13.4,0.267,0.268,0.271,0.282,0.316
2026-03-24 12:00:00,13.3,53,3.9,0,0.0,0.0,0.0,0.0,0.0,1,1024.4,1005.9,1,0.0,0.72,2.3,252,8.3,20.7,14.8,11.8,13.4,0.266,0.268,0.271,0.282,0.316
2026-03-24 13:00:00,15.2,52,5.4,0,0.0,0.0,0.0,0.0,0.0,0,1023.8,1005.4,0,0.0,0.83,2.5,270,9.0,23.8,17.5,12.2,13.4,0.265,0.267,0.271,0.282,0.316
2026-03-24 14:00:00,16.5,47,5.1,0,0.0,0.0,0.0,0.0,0.0,1,1023.1,1004.8,0,0.0,0.99,2.7,337,8.3,25.7,19.8,12.8,13.4,0.264,0.266,0.271,0.282,0.315
2026-03-24 15:00:00,17.4,42,4.3,0,0.0,0.0,0.0,0.0,0.0,0,1022.1,1003.9,0,0.0,1.15,3.6,354,8.3,26.7,21.5,13.5,13.4,0.263,0.265,0.27,0.282,0.315
2026-03-24 16:00:00,17.9,40,4.1,0,0.0,0.0,0.0,0.0,0.0,0,1021.2,1003.1,8,0.0,1.23,3.6,354,11.2,26.6,22.6,14.3,13.4,0.262,0.264,0.27,0.282,0.315
2026-03-24 17:00:00,18.2,37,3.3,0,0.0,0.0,0.0,0.0,0.0,0,1020.8,1002.7,18,0.0,1.32,4.7,351,11.9,25.6,23.1,15.1,13.4,0.261,0.264,0.269,0.282,0.315
2026-03-24 18:00:00,18.2,36,2.9,0,0.0,0.0,0.0,0.0,0.0,1,1020.8,1002.7,12,0.0,1.34,4.3,336,11.9,23.0,22.5,15.7,13.4,0.261,0.263,0.269,0.282,0.315
2026-03-24 19:00:00,17.8,37,2.9,0,0.0,0.0,0.0,0.0,0.0,0,1020.4,1002.3,0,0.0,1.29,4.6,309,11.2,20.0,21.1,16.2,13.4,0.261,0.263,0.269,0.282,0.315
2026-03-24 20:00:00,17.2,39,3.1,0,0.0,0.0,0.0,0.0,0.0,0,1020.1,1001.9,0,0.0,1.2,4.3,336,11.5,16.6,19.2,16.5,13.4,0.262,0.264,0.269,0.282,0.315
2026-03-24 21:00:00,16.1,47,4.8,0,0.0,0.0,0.0,0.0,0.0,3,1021.1,1002.8,87,0.0,0.97,3.3,354,9.0,14.7,17.2,16.5,13.5,0.263,0.264,0.269,0.282,0.315
2026-03-24 22:00:00,15.0,55,6.0,0,0.0,0.0,0.0,0.0,0.0,3,1021.0,1002.7,100,0.0,0.77,1.0,45,5.4,13.7,15.8,16.4,13.5,0.264,0.265,0.269,0.282,0.315
2026-03-24 23:00:00,13.9,64,7.2,0,0.0,0.0,0.0,0.0,0.0,3,1020.7,1002.3,100,0.0,0.57,1.1,288,1.4,12.5,14.5,16.2,13.5,0.265,0.266,0.269,0.282,0.315
2026-03-25 00:00:00,12.4,66,6.2,0,0.0,0.0,0.0,0.0,0.0,0,1021.3,1002.8,2,0.0,0.49,1.4,270,1.8,11.6,13.6,15.9,13.5,0.266,0.267,0.269,0.282,0.315
2026-03-25 01:00:00,10.6,73,5.9,0,0.0,0.0,0.0,0.0,0.0,0,1020.7,1002.1,0,0.0,0.35,1.5,256,3.2,10.7,12.8,15.6,13.6,0.267,0.267,0.27,0.282,0.315
2026-03-25 02:00:00,9.2,84,6.7,0,0.0,0.0,0.0,0.0,0.0,0,1021.2,1002.5,0,0.0,0.19,2.9,210,4.3,9.9,11.9,15.3,13.6,0.267,0.268,0.27,0.282,0.315
2026-03-25 03:00:00,8.4,81,5.3,0,0.0,0.0,0.0,0.0,0.0,0,1020.9,1002.2,0,0.0,0.21,3.9,202,7.6,9.3,11.3,14.9,13.6,0.268,0.268,0.27,0.282,0.315
2026-03-25 04:00:00,7.5,82,4.6,0,0.0,0.0,0.0,0.0,0.0,0,1020.5,1001.7,0,0.0,0.19,4.3,204,9.4,8.7,10.7,14.5,13.6,0.268,0.269,0.271,0.282,0.315
2026-03-25 05:00:00,6.9,85,4.5,0,0.0,0.0,0.0,0.0,0.0,0,1019.3,1000.5,1,0.0,0.15,3.5,204,10.1,8.3,10.2,14.1,13.6,0.26,0.26,0.264,0.279,0.314
2026-03-25 06:00:00,6.3,87,4.3,0,0.0,0.0,0.0,0.0,0.0,0,1019.4,1000.5,0,0.0,0.12,2.9,210,7.9,7.7,9.7,13.7,13.6,0.26,0.261,0.264,0.279,0.314
2026-03-25 07:00:00,6.0,87,4.0,0,0.0,0.0,0.0,0.0,0.0,0,1019.7,1000.8,3,0.0,0.12,2.1,239,6.8,7.3,9.1,13.3,13.6,0.261,0.262,0.265,0.279,0.314
2026-03-25 08:00:00,6.5,82,3.7,0,0.0,0.0,0.0,0.0,0.0,1,1020.5,1001.6,70,0.0,0.17,2.9,210,5.0,7.6,8.8,13.0,13.6,0.262,0.262,0.265,0.279,0.314
2026-03-25 09:00:00,8.4,73,3.9,0,0.0,0.0,0.0,0.0,0.0,2,1021.2,1002.5,55,0.0,0.3,10.4,256,20.5,9.7,9.0,12.6,13.6,0.262,0.263,0.266,0.279,0.314
2026-03-25 10:00:00,9.9,72,5.1,0,0.0,0.0,0.0,0.0,0.0,0,1021.6,1002.9,0,0.0,0.34,13.8,263,29.2,13.4,10.4,12.4,13.6,0.262,0.263,0.266,0.279,0.314
2026-03-25 11:00:00,11.7,72,6.8,0,0.0,0.0,0.0,0.0,0.0,1,1021.7,1003.2,41,0.0,0.38,16.3,276,33.1,17.1,12.7,12.4,13.6,0.262,0.263,0.266,0.279,0.314
2026-03-25 12:00:00,13.1,69,7.6,0,0.0,0.0,0.0,0.0,0.0,3,1021.1,1002.7,90,0.0,0.47,17.9,279,37.8,17.6,14.8,12.5,13.5,0.262,0.263,0.266,0.279,0.314
2026-03-25 13:00:00,14.1,62,6.9,8,0.0,0.0,0.0,0.0,0.0,3,1020.4,1002.0,100,0.0,0.61,19.7,279,43.6,17.9,15.9,12.8,13.5,0.261,0.263,0.266,0.279,0.314
2026-03-25 14:00:00,13.9,65,7.4,38,0.1,0.1,0.0,0.0,0.0,61,1020.5,1002.1,100,0.0,0.56,19.6,283,42.8,15.5,15.1,13.0,13.5,0.262,0.263,0.267,0.279,0.313
2026-03-25 15:00:00,13.7,68,7.9,58,0.0,0.0,0.0,0.0,0.0,3,1019.4,1001.0,95,0.0,0.5,23.2,276,48.6,16.3,15.0,13.2,13.5,0.262,0.263,0.267,0.279,0.313
2026-03-25 16:00:00,12.3,71,7.2,25,0.0,0.0,0.0,0.0,0.0,61,1019.7,1001.2,100,0.0,0.41,20.7,311,51.1,14.1,14.9,13.4,13.5,0.262,0.263,0.267,0.279,0.313
2026-03-25 17:00:00,12.5,68,6.8,20,0.0,0.0,0.0,0.0,0.0,61,1019.7,1001.2,76,0.0,0.47,20.1,294,45.0,15.8,14.3,13.5,13.5,0.262,0.264,0.267,0.279,0.313
2026-03-25 18:00:00,12.5,60,4.9,13,0.0,0.0,0.0,0.0,0.0,3,1019.2,1000.8,100,0.0,0.58,17.7,303,40.3,14.1,14.4,13.6,13.5,0.263,0.264,0.267,0.279,0.313
2026-03-25 19:00:00,12.0,57,3.7,25,0.1,0.1,0.0,0.0,0.0,61,1019.9,1001.4,100,0.0,0.6,16.0,301,39.6,12.8,13.7,13.6,13.5,0.263,0.264,0.267,0.279,0.313
2026-03-25 20:00:00,11.2,63,4.4,8,0.4,0.4,0.0,0.0,0.0,61,1020.3,1001.7,100,0.0,0.49,19.0,289,48.2,11.3,12.9,13.6,13.5,0.264,0.264,0.267,0.279,0.313
2026-03-25 21:00:00,10.2,56,1.8,13,0.0,0.0,0.0,0.0,0.0,1,1021.2,1002.6,15,0.0,0.55,22.9,298,47.9,10.5,12.1,13.5,13.5,0.264,0.265,0.268,0.279,0.313
2026-03-25 22:00:00,9.0,61,1.8,15,0.0,0.0,0.0,0.0,0.0,0,1022.3,1003.6,2,0.0,0.45,19.1,292,49.0,8.9,11.1,13.3,13.5,0.264,0.265,0.268,0.279,0.313
2026-03-25 23:00:00,8.8,63,2.1,0,0.0,0.0,0.0,0.0,0.0,1,1022.1,1003.4,82,0.0,0.42,18.4,281,39.2,8.9,10.4,13.1,13.5,0.265,0.265,0.268,0.28,0.313
2026-03-26 00:00:00,8.0,65,1.8,3,0.0,0.0,0.0,0.0,0.0,1,1022.7,1003.9,36,0.0,0.38,17.4,288,43.6,8.1,9.8,12.8,13.5,0.265,0.266,0.268,0.28,0.313
2026-03-26 01:00:00,7.5,71,2.6,3,0.0,0.0,0.0,0.0,0.0,1,1023.1,1004.3,38,0.0,0.3,18.9,288,40.0,7.7,9.3,12.6,13.5,0.265,0.266,0.269,0.28,0.313
2026-03-26 02:00:00,7.1,75,2.9,3,0.0,0.0,0.0,0.0,0.0,1,1023.3,1004.4,69,0.0,0.25,17.0,283,38.9,7.6,9.1,12.3,13.5,0.266,0.266,0.269,0.28,0.313
2026-03-26 03:00:00,7.0,75,2.8,0,0.0,0.0,0.0,0.0,0.0,3,1022.7,1003.8,98,0.0,0.25,18.7,281,39.2,7.6,8.7,12.0,13.4,0.266,0.267,0.269,0.28,0.313
2026-03-26 04:00:00,6.5,78,3.0,3,0.0,0.0,0.0,0.0,0.0,1,1022.9,1004.0,10,0.0,0.21,17.7,287,39.6,6.9,8.5,11.8,13.4,0.266,0.267,0.269,0.28,0.313
2026-03-26 05:00:00,6.3,77,2.6,0,0.0,0.0,0.0,0.0,0.0,0,1022.6,1003.7,12,0.0,0.22,15.1,295,37.1,6.7,8.3,11.5,13.4,0.267,0.267,0.27,0.279,0.312
2026-03-26 06:00:00,5.6,79,2.3,0,0.0,0.0,0.0,0.0,0.0,0,1022.9,1003.9,0,0.0,0.19,13.9,287,31.3,6.1,7.8,11.3,13.4,0.267,0.268,0.27,0.279,0.312
2026-03-26 07:00:00,5.0,85,2.7,0,0.0,0.0,0.0,0.0,0.0,0,1022.7,1003.7,0,0.0,0.13,13.6,287,29.2,5.6,7.3,11.0,13.4,0.267,0.268,0.27,0.279,0.312
2026-03-26 08:00:00,4.5,85,2.2,0,0.0,0.0,0.0,0.0,0.0,0,1023.9,1004.8,0,0.0,0.13,11.7,288,28.1,5.3,6.9,10.7,13.3,0.268,0.268,0.27,0.279,0.312
2026-03-26 09:00:00,4.7,82,1.9,0,0.0,0.0,0.0,0.0,0.0,0,1024.2,1005.1,4,0.0,0.15,11.1,295,23.8,7.0,6.8,10.4,13.3,0.268,0.269,0.27,0.279,0.312
2026-03-26 10:00:00,6.1,71,1.3,0,0.0,0.0,0.0,0.0,0.0,1,1024.4,1005.4,0,0.0,0.27,14.5,293,31.3,10.4,7.9,10.2,13.3,0.268,0.269,0.271,0.279,0.312
2026-03-26 11:00:00,7.4,58,-0.3,0,0.0,0.0,0.0,0.0,0.0,2,1024.2,1005.3,38,0.0,0.43,15.5,306,36.4,12.8,9.7,10.2,13.2,0.268,0.268,0.271,0.279,0.312
2026-03-26 12:00:00,8.3,52,-1.0,0,0.0,0.0,0.0,0.0,0.0,2,1024.2,1005.4,81,0.0,0.53,16.8,313,37.1,14.5,11.5,10.4,13.2,0.267,0.268,0.271,0.279,0.312
2026-03-26 13:00:00,9.4,48,-1.1,0,0.0,0.0,0.0,0.0,0.0,2,1023.3,1004.6,51,0.0,0.61,17.4,310,40.0,18.0,13.4,10.6,13.2,0.266,0.268,0.271,0.279,0.312
2026-03-26 14:00:00,10.2,45,-1.2,0,0.0,0.0,0.0,0.0,0.0,2,1023.2,1004.5,91,0.0,0.69,16.6,309,41.0,18.2,15.1,11.0,13.2,0.266,0.267,0.271,0.279,0.312
2026-03-26 15:00:00,10.6,42,-1.8,0,0.0,0.0,0.0,0.0,0.0,3,1021.6,1003.0,96,0.0,0.74,17.7,309,40.0,17.5,15.8,11.5,13.1,0.265,0.267,0.27,0.279,0.312
2026-03-26 16:00:00,11.4,38,-2.5,0,0.0,0.0,0.0,0.0,0.0,3,1021.4,1002.8,78,0.0,0.84,18.4,305,41.0,17.0,15.9,11.9,13.1,0.265,0.266,0.27,0.279,0.312
2026-03-26 17:00:00,11.1,40,-2.0,0,0.0,0.0,0.0,0.0,0.0,3,1021.1,1002.5,100,0.0,0.8,19.6,311,45.7,15.8,15.8,12.3,13.1,0.264,0.266,0.27,0.279,0.312
2026-03-26 18:00:00,10.9,39,-2.6,0,0.0,0.0,0.0,0.0,0.0,2,1021.6,1003.0,78,0.0,0.8,17.8,313,41.8,14.5,14.9,12.6,13.1,0.264,0.266,0.27,0.279,0.311
2026-03-26 19:00:00,10.6,42,-1.8,0,0.0,0.0,0.0,0.0,0.0,3,1021.6,1003.0,100,0.0,0.74,15.5,312,39.2,12.6,14.0,12.8,13.1,0.264,0.266,0.269,0.279,0.311
2026-03-26 20:00:00,9.7,42,-2.6,0,0.0,0.0,0.0,0.0,0.0,3,1021.8,1003.1,100,0.0,0.7,12.3,308,35.6,10.1,12.6,12.8,13.1,0.265,0.266,0.269,0.279,0.311
2026-03-26 21:00:00,8.9,45,-2.4,0,0.0,0.0,0.0,0.0,0.0,1,1022.7,1004.0,27,0.0,0.63,10.5,286,25.6,9.0,11.2,12.8,13.1,0.265,0.266,0.269,0.28,0.311
2026-03-26 22:00:00,8.3,48,-2.1,0,0.0,0.0,0.0,0.0,0.0,3,1022.9,1004.1,100,0.0,0.57,10.9,278,25.9,8.3,10.3,12.6,13.1,0.266,0.267,0.27,0.28,0.311
2026-03-26 23:00:00,8.3,47,-2.3,0,0.0,0.0,0.0,0.0,0.0,3,1023.8,1005.0,99,0.0,0.58,9.7,285,24.5,8.4,9.7,12.4,13.1,0.266,0.267,0.27,0.28,0.311
2026-03-27 00:00:00,8.0,49,-2.1,0,0.0,0.0,0.0,0.0,0.0,3,1023.4,1004.6,96,0.0,0.55,10.4,284,22.3,8.1,9.4,12.1,13.1,0.266,0.267,0.27,0.28,0.311
2026-03-27 01:00:00,7.9,53,-1.1,0,0.0,0.0,0.0,0.0,0.0,3,1023.7,1004.9,98,0.0,0.5,13.4,294,29.2,8.5,9.3,11.9,13.1,0.266,0.267,0.27,0.28,0.311
2026-03-27 02:00:00,7.7,62,0.8,0,0.0,0.0,0.0,0.0,0.0,3,1023.5,1004.7,100,0.0,0.4,12.6,294,30.6,8.0,9.1,11.7,13.0,0.267,0.268,0.27,0.28,0.311
2026-03-27 03:00:00,7.3,66,1.3,0,0.0,0.0,0.0,0.0,0.0,3,1023.5,1004.6,86,0.0,0.35,10.8,296,27.0,7.5,8.8,11.5,13.0,0.267,0.268,0.27,0.28,0.311
2026-03-27 04:00:00,6.8,72,2.1,0,0.0,0.0,0.0,0.0,0.0,3,1023.5,1004.6,94,0.0,0.28,9.8,298,23.8,7.5,8.5,11.3,13.0,0.267,0.268,0.271,0.28,0.311
2026-03-27 05:00:00,6.4,75,2.3,0,0.0,0.0,0.0,0.0,0.0,2,1023.3,1004.4,58,0.0,0.24,9.8,298,22.3,6.9,8.3,11.1,13.0,0.263,0.264,0.267,0.279,0.311
2026-03-27 06:00:00,5.7,79,2.4,0,0.0,0.0,0.0,0.0,0.0,2,1022.9,1003.9,84,0.0,0.19,8.4,280,20.5,6.2,7.8,10.9,13.0,0.264,0.265,0.267,0.279,0.311
2026-03-27 07:00:00,5.4,82,2.5,0,0.0,0.0,0.0,0.0,0.0,2,1023.4,1004.4,65,0.0,0.16,8.0,280,19.1,6.0,7.4,10.6,12.9,0.264,0.265,0.268,0.279,0.311
2026-03-27 08:00:00,4.9,83,2.2,0,0.0,0.0,0.0,0.0,0.0,1,1024.1,1005.1,49,0.0,0.15,9.0,272,20.2,5.4,6.9,10.4,12.9,0.265,0.265,0.268,0.279,0.31
2026-03-27 09:00:00,5.0,82,2.2,0,0.0,0.0,0.0,0.0,0.0,0,1024.6,1005.6,11,0.0,0.16,9.1,279,20.2,7.1,6.9,10.1,12.9,0.265,0.266,0.268,0.279,0.31
2026-03-27 10:00:00,6.4,76,2.4,0,0.0,0.0,0.0,0.0,0.0,0,1025.2,1006.2,0,0.0,0.23,11.3,292,25.6,10.7,8.1,10.0,12.9,0.265,0.266,0.268,0.279,0.31
2026-03-27 11:00:00,7.9,64,1.5,0,0.0,0.0,0.0,0.0,0.0,1,1024.5,1005.7,45,0.0,0.38,12.1,307,28.1,14.1,10.2,10.0,12.8,0.265,0.266,0.268,0.279,0.31
2026-03-27 12:00:00,9.4,51,-0.3,0,0.0,0.0,0.0,0.0,0.0,1,1024.6,1005.9,23,0.0,0.58,14.0,312,31.3,17.4,12.6,10.2,12.8,0.264,0.265,0.268,0.279,0.31
2026-03-27 13:00:00,10.5,36,-3.9,0,0.0,0.0,0.0,0.0,0.0,0,1024.2,1005.5,0,0.0,0.82,15.3,313,35.3,19.6,14.8,10.6,12.8,0.263,0.265,0.268,0.279,0.31
2026-03-27 14:00:00,11.3,35,-3.7,0,0.0,0.0,0.0,0.0,0.0,1,1023.3,1004.7,40,0.0,0.87,16.6,321,36.7,20.6,16.6,11.1,12.8,0.262,0.264,0.268,0.279,0.31
2026-03-27 15:00:00,12.0,27,-6.4,0,0.0,0.0,0.0,0.0,0.0,0,1023.2,1004.6,0,0.0,1.03,16.1,326,37.8,21.2,17.7,11.7,12.7,0.261,0.263,0.268,0.279,0.31
2026-03-27 16:00:00,12.2,28,-5.8,0,0.0,0.0,0.0,0.0,0.0,0,1022.6,1004.1,0,0.0,1.02,15.9,303,37.4,20.5,18.4,12.3,12.7,0.26,0.263,0.268,0.279,0.31
2026-03-27 17:00:00,12.4,31,-4.3,0,0.0,0.0,0.0,0.0,0.0,1,1022.1,1003.6,23,0.0,0.99,16.3,305,36.7,19.1,18.3,12.9,12.7,0.26,0.262,0.267,0.279,0.31
2026-03-27 18:00:00,12.6,31,-4.1,0,0.0,0.0,0.0,0.0,0.0,0,1021.9,1003.4,0,0.0,1.01,16.4,308,36.7,16.9,17.5,13.3,12.7,0.26,0.262,0.267,0.278,0.31
2026-03-27 19:00:00,12.2,33,-3.6,0,0.0,0.0,0.0,0.0,0.0,0,1022.0,1003.5,0,0.0,0.95,15.8,313,35.6,14.1,16.1,13.6,12.7,0.26,0.262,0.267,0.278,0.31
2026-03-27 20:00:00,11.4,36,-3.1,0,0.0,0.0,0.0,0.0,0.0,0,1022.2,1003.6,5,0.0,0.87,12.7,305,32.0,11.5,14.4,13.8,12.8,0.261,0.262,0.267,0.278,0.31
2026-03-27 21:00:00,10.3,42,-2.0,0,0.0,0.0,0.0,0.0,0.0,1,1023.0,1004.3,19,0.0,0.73,10.4,290,26.6,10.0,12.7,13.7,12.8,0.261,0.263,0.267,0.278,0.31
2026-03-27 22:00:00,9.3,45,-2.0,0,0.0,0.0,0.0,0.0,0.0,1,1023.7,1005.0,21,0.0,0.65,11.0,289,24.1,9.1,11.5,13.5,12.8,0.262,0.263,0.267,0.278,0.31
2026-03-27 23:00:00,8.6,48,-1.8,0,0.0,0.0,0.0,0.0,0.0,0,1024.3,1005.5,0,0.0,0.58,8.5,306,23.4,8.5,10.7,13.3,12.8,0.263,0.264,0.267,0.279,0.31
2026-03-28 00:00:00,7.9,53,-1.1,0,0.0,0.0,0.0,0.0,0.0,0,1024.6,1005.8,0,0.0,0.5,7.4,317,17.3,7.8,10.0,13.0,12.8,0.263,0.264,0.267,0.279,0.31
2026-03-28 01:00:00,7.1,57,-0.8,0,0.0,0.0,0.0,0.0,0.0,0,1024.9,1006.0,0,0.0,0.44,6.9,321,15.5,7.2,9.3,12.7,12.8,0.263,0.264,0.267,0.279,0.31
2026-03-28 02:00:00,6.4,60,-0.8,0,0.0,0.0,0.0,0.0,0.0,0,1024.9,1005.9,2,0.0,0.39,6.7,324,14.4,6.6,8.7,12.4,12.8,0.264,0.265,0.267,0.279,0.31
2026-03-28 03:00:00,5.8,63,-0.7,0,0.0,0.0,0.0,0.0,0.0,0,1025.5,1006.5,4,0.0,0.34,5.3,332,14.4,6.1,8.2,12.0,12.8,0.264,0.265,0.268,0.279,0.31
2026-03-28 04:00:00,5.5,66,-0.3,0,0.0,0.0,0.0,0.0,0.0,2,1025.0,1006.0,46,0.0,0.31,3.9,248,10.8,5.8,7.7,11.7,12.8,0.265,0.265,0.268,0.279,0.309
2026-03-28 05:00:00,5.1,67,-0.5,0,0.0,0.0,0.0,0.0,0.0,1,1024.9,1005.9,39,0.0,0.29,3.0,284,7.9,5.4,7.3,11.3,12.8,0.259,0.259,0.263,0.277,0.309
2026-03-28 06:00:00,4.7,69,-0.5,0,0.0,0.0,0.0,0.0,0.0,1,1024.5,1005.4,26,0.0,0.27,2.9,263,5.8,5.1,6.9,11.0,12.7,0.259,0.26,0.263,0.277,0.309
2026-03-28 07:00:00,4.4,71,-0.4,0,0.0,0.0,0.0,0.0,0.0,1,1024.9,1005.8,43,0.0,0.24,2.9,277,6.1,4.9,6.6,10.7,12.7,0.26,0.261,0.264,0.277,0.309
2026-03-28 08:00:00,4.6,69,-0.6,0,0.0,0.0,0.0,0.0,0.0,3,1025.6,1006.5,99,0.0,0.26,3.0,284,6.8,5.5,6.4,10.3,12.7,0.26,0.261,0.264,0.277,0.309
2026-03-28 09:00:00,5.4,66,-0.4,0,0.0,0.0,0.0,0.0,0.0,3,1026.0,1007.0,100,0.0,0.31,4.0,275,8.6,7.3,6.8,10.1,12.7,0.261,0.262,0.264,0.277,0.309
2026-03-28 10:00:00,7.0,59,-0.5,0,0.0,0.0,0.0,0.0,0.0,3,1025.7,1006.8,100,0.0,0.41,6.5,273,14.4,8.9,7.7,9.9,12.6,0.261,0.262,0.265,0.277,0.309
2026-03-28 11:00:00,8.5,55,-0.0,0,0.0,0.0,0.0,0.0,0.0,3,1026.3,1007.5,100,0.0,0.5,10.3,282,21.2,12.0,9.3,9.9,12.6,0.261,0.262,0.265,0.277,0.309
2026-03-28 12:00:00,9.6,52,0.2,0,0.0,0.0,0.0,0.0,0.0,3,1026.7,1007.9,100,0.0,0.57,13.1,278,28.4,12.8,10.6,10.0,12.6,0.261,0.262,0.265,0.277,0.308
2026-03-28 13:00:00,11.0,49,0.7,10,0.0,0.0,0.0,0.0,0.0,3,1025.8,1007.1,99,0.0,0.67,15.7,279,34.2,15.6,12.0,10.2,12.6,0.26,0.262,0.265,0.277,0.308
2026-03-28 14:00:00,11.5,50,1.4,55,0.0,0.0,0.0,0.0,0.0,3,1024.7,1006.1,100,0.0,0.68,15.6,285,34.6,15.1,12.8,10.4,12.5,0.26,0.261,0.265,0.277,0.308
2026-03-28 15:00:00,11.5,54,2.5,75,0.0,0.0,0.0,0.0,0.0,61,1024.2,1005.6,100,0.0,0.62,15.6,285,34.9,14.1,13.3,10.7,12.5,0.26,0.261,0.265,0.277,0.308
2026-03-28 16:00:00,11.2,62,4.2,88,0.3,0.3,0.0,0.0,0.0,61,1023.8,1005.2,100,0.0,0.51,13.0,284,33.8,13.2,13.1,11.0,12.5,0.261,0.262,0.265,0.277,0.308
2026-03-28 17:00:00,10.7,72,5.8,100,0.4,0.4,0.0,0.0,0.0,61,1023.8,1005.2,100,0.0,0.36,14.1,273,32.8,13.1,12.7,11.2,12.5,0.265,0.264,0.265,0.277,0.308
2026-03-28 18:00:00,10.6,75,6.4,98,0.4,0.4,0.0,0.0,0.0,61,1023.6,1005.0,100,0.0,0.32,16.9,294,36.7,11.5,12.3,11.4,12.5,0.268,0.266,0.266,0.277,0.308
2026-03-28 19:00:00,10.2,80,6.9,83,0.3,0.3,0.0,0.0,0.0,61,1023.4,1004.7,100,0.0,0.25,13.5,295,36.7,10.8,11.6,11.5,12.5,0.269,0.268,0.267,0.277,0.308
2026-03-28 20:00:00,10.4,79,6.9,38,0.0,0.0,0.0,0.0,0.0,80,1023.6,1004.9,81,0.0,0.26,16.3,329,34.9,10.2,11.1,11.5,12.5,0.27,0.269,0.268,0.277,0.308
2026-03-28 21:00:00,10.0,82,7.0,38,0.0,0.0,0.0,0.0,0.0,3,1025.2,1006.5,100,0.0,0.22,11.6,324,33.5,9.8,10.6,11.4,12.5,0.269,0.269,0.268,0.277,0.308
2026-03-28 22:00:00,9.8,65,3.5,23,0.0,0.0,0.0,0.0,0.0,2,1025.9,1007.2,67,0.0,0.43,16.8,329,36.4,9.3,10.3,11.4,12.4,0.268,0.268,0.269,0.277,0.308
2026-03-28 23:00:00,9.1,69,3.7,15,0.0,0.0,0.0,0.0,0.0,3,1027.6,1008.8,99,0.0,0.36,15.9,335,36.7,8.9,9.9,11.3,12.4,0.268,0.268,0.269,0.277,0.308
2026-03-29 00:00:00,8.6,62,1.7,8,0.0,0.0,0.0,0.0,0.0,3,1027.4,1008.6,88,0.0,0.43,17.4,330,37.8,8.4,9.5,11.2,12.4,0.267,0.268,0.27,0.277,0.308
2026-03-29 01:00:00,8.1,64,1.7,10,0.0,0.0,0.0,0.0,0.0,3,1027.3,1008.4,100,0.0,0.39,12.7,313,36.0,8.1,9.2,11.0,12.4,0.267,0.268,0.27,0.277,0.308
2026-03-29 02:00:00,7.4,65,1.3,3,0.0,0.0,0.0,0.0,0.0,3,1027.6,1008.7,98,0.0,0.36,18.0,323,37.8,7.5,8.9,10.9,12.4,0.267,0.268,0.27,0.277,0.308
2026-03-29 03:00:00,6.8,70,1.7,0,0.0,0.0,0.0,0.0,0.0,61,1027.5,1008.5,100,0.0,0.3,18.1,319,41.0,7.3,8.4,10.7,12.4,0.268,0.268,0.27,0.277,0.308
2026-03-29 04:00:00,6.3,73,1.8,3,0.0,0.0,0.0,0.0,0.0,3,1027.3,1008.3,89,0.0,0.26,17.3,318,40.3,6.9,8.2,10.6,12.4,0.268,0.268,0.27,0.278,0.308
2026-03-29 05:00:00,5.8,75,1.7,0,0.0,0.0,0.0,0.0,0.0,2,1027.2,1008.2,55,0.0,0.23,16.1,321,37.1,6.2,7.9,10.4,12.3,0.272,0.273,0.274,0.277,0.307
2026-03-29 06:00:00,4.8,75,0.8,0,0.0,0.0,0.0,0.0,0.0,0,1027.8,1008.7,0,0.0,0.22,15.2,324,33.8,5.2,7.2,10.2,12.3,0.272,0.273,0.274,0.278,0.307
2026-03-29 07:00:00,4.0,77,0.4,0,0.0,0.0,0.0,0.0,0.0,0,1028.3,1009.1,2,0.0,0.19,14.4,328,32.4,4.5,6.5,10.0,12.3,0.272,0.273,0.274,0.278,0.307
2026-03-29 08:00:00,3.6,79,0.3,0,0.0,0.0,0.0,0.0,0.0,1,1028.9,1009.7,3,0.0,0.17,15.5,324,32.0,4.2,6.0,9.7,12.3,0.272,0.273,0.274,0.278,0.307
2026-03-29 09:00:00,3.7,80,0.6,0,0.0,0.0,0.0,0.0,0.0,1,1029.5,1010.3,36,0.0,0.16,15.1,322,32.8,6.0,5.9,9.4,12.3,0.272,0.273,0.274,0.278,0.307
2026-03-29 10:00:00,4.8,74,0.5,0,0.0,0.0,0.0,0.0,0.0,1,1029.6,1010.5,44,0.0,0.22,16.6,326,35.6,9.1,7.0,9.2,12.2,0.272,0.272,0.274,0.278,0.307
2026-03-29 11:00:00,6.4,64,0.1,0,0.0,0.0,0.0,0.0,0.0,1,1029.0,1010.0,28,0.0,0.35,16.8,325,38.5,12.6,8.9,9.2,12.2,0.271,0.272,0.274,0.278,0.307
2026-03-29 12:00:00,8.0,52,-1.3,0,0.0,0.0,0.0,0.0,0.0,2,1029.8,1010.9,90,0.0,0.51,20.0,346,43.6,13.4,11.0,9.4,12.2,0.27,0.272,0.274,0.279,0.307
2026-03-29 13:00:00,9.4,42,-2.9,0,0.0,0.0,0.0,0.0,0.0,3,1029.9,1011.1,82,0.0,0.68,19.1,358,41.4,15.2,12.2,9.7,12.1,0.27,0.271,0.273,0.279,0.307
2026-03-29 14:00:00,10.1,38,-3.6,0,0.0,0.0,0.0,0.0,0.0,3,1029.5,1010.7,100,0.0,0.77,18.6,342,42.5,14.9,13.2,10.0,12.1,0.269,0.27,0.273,0.279,0.307
2026-03-29 15:00:00,11.8,31,-4.8,8,0.0,0.0,0.0,0.0,0.0,3,1029.5,1010.8,100,0.0,0.95,19.3,339,41.0,17.8,14.3,10.4,12.1,0.268,0.27,0.273,0.279,0.307
2026-03-29 16:00:00,11.9,34,-3.5,3,0.0,0.0,0.0,0.0,0.0,3,1029.3,1010.6,100,0.0,0.92,23.8,350,50.0,16.8,15.0,10.9,12.1,0.267,0.269,0.272,0.279,0.307
2026-03-29 17:00:00,12.0,30,-5.0,0,0.0,0.0,0.0,0.0,0.0,2,1029.4,1010.7,94,0.0,0.98,17.7,356,47.5,16.5,15.3,11.3,12.1,0.267,0.268,0.272,0.279,0.307
2026-03-29 18:00:00,12.0,30,-5.1,0,0.0,0.0,0.0,0.0,0.0,2,1029.9,1011.2,42,0.0,0.98,17.4,338,41.8,14.9,15.0,11.7,12.1,0.266,0.268,0.272,0.279,0.307
2026-03-29 19:00:00,11.6,32,-4.5,0,0.0,0.0,0.0,0.0,0.0,2,1030.3,1011.6,34,0.0,0.93,14.9,328,37.4,12.8,14.0,11.9,12.1,0.266,0.268,0.271,0.279,0.307
2026-03-29 20:00:00,10.5,37,-3.6,0,0.0,0.0,0.0,0.0,0.0,2,1031.1,1012.3,78,0.0,0.8,12.9,300,33.8,10.2,12.4,12.0,12.1,0.267,0.268,0.271,0.279,0.307
2026-03-29 21:00:00,9.3,41,-3.3,0,0.0,0.0,0.0,0.0,0.0,0,1032.3,1013.4,0,0.0,0.69,11.5,290,27.7,8.6,11.0,12.0,12.1,0.267,0.268,0.271,0.279,0.307
2026-03-29 22:00:00,8.3,46,-2.7,0,0.0,0.0,0.0,0.0,0.0,3,1032.9,1013.9,100,0.0,0.59,10.8,296,23.8,7.8,9.9,11.8,12.1,0.267,0.268,0.271,0.279,0.307
2026-03-29 23:00:00,7.6,49,-2.4,0,0.0,0.0,0.0,0.0,0.0,3,1032.7,1013.7,100,0.0,0.53,10.8,296,24.8,7.4,9.1,11.6,12.1,0.268,0.269,0.271,0.279,0.307
2026-03-30 00:00:00,7.1,53,-1.9,0,0.0,0.0,0.0,0.0,0.0,2,1033.8,1014.7,56,0.0,0.47,8.6,292,22.3,6.8,8.6,11.4,12.1,0.268,0.269,0.271,0.279,0.307
2026-03-30 01:00:00,6.7,55,-1.7,0,0.0,0.0,0.0,0.0,0.0,2,1033.5,1014.4,68,0.0,0.44,7.0,291,18.0,6.2,8.1,11.1,12.1,0.268,0.269,0.271,0.279,0.306
2026-03-30 02:00:00,5.6,62,-1.1,0,0.0,0.0,0.0,0.0,0.0,2,1033.8,1014.6,3,0.0,0.35,7.2,270,15.1,5.6,7.5,10.8,12.1,0.268,0.269,0.271,0.279,0.306
2026-03-30 03:00:00,5.2,66,-0.7,0,0.0,0.0,0.0,0.0,0.0,0,1033.5,1014.3,0,0.0,0.3,8.6,272,18.0,5.2,7.0,10.6,12.1,0.269,0.269,0.272,0.279,0.306
2026-03-30 04:00:00,4.8,72,0.2,0,0.0,0.0,0.0,0.0,0.0,2,1033.1,1013.9,77,0.0,0.24,7.3,279,18.4,5.1,6.6,10.3,12.0,0.269,0.27,0.272,0.279,0.306
2026-03-30 05:00:00,5.3,74,1.1,0,0.0,0.0,0.0,0.0,0.0,3,1032.9,1013.7,100,0.0,0.23,8.4,280,15.8,5.9,6.8,10.0,12.0,0.267,0.268,0.27,0.279,0.306
2026-03-30 06:00:00,5.3,76,1.4,0,0.0,0.0,0.0,0.0,0.0,3,1032.3,1013.1,91,0.0,0.21,8.5,258,18.4,6.1,6.9,9.8,12.0,0.267,0.268,0.27,0.279,0.306
2026-03-30 07:00:00,5.5,75,1.4,0,0.0,0.0,0.0,0.0,0.0,3,1032.5,1013.3,98,0.0,0.23,8.8,261,18.7,6.3,6.9,9.6,12.0,0.268,0.268,0.27,0.279,0.306
2026-03-30 08:00:00,6.0,74,1.7,0,0.0,0.0,0.0,0.0,0.0,3,1032.9,1013.8,100,0.0,0.24,9.5,259,19.4,6.6,7.0,9.4,12.0,0.268,0.268,0.271,0.279,0.306
2026-03-30 09:00:00,6.5,73,2.0,0,0.0,0.0,0.0,0.0,0.0,3,1032.2,1013.1,100,0.0,0.26,11.3,263,23.4,7.7,7.3,9.3,11.9,0.268,0.269,0.271,0.279,0.306
2026-03-30 10:00:00,7.3,69,2.0,0,0.0,0.0,0.0,0.0,0.0,3,1032.4,1013.4,100,0.0,0.32,11.6,265,25.6,8.7,8.0,9.2,11.9,0.268,0.269,0.271,0.279,0.306
2026-03-30 11:00:00,8.4,65,2.2,0,0.0,0.0,0.0,0.0,0.0,3,1032.3,1013.3,100,0.0,0.39,13.0,264,27.0,10.3,8.9,9.2,11.9,0.268,0.269,0.271,0.279,0.306
2026-03-30 12:00:00,9.3,62,2.4,10,0.0,0.0,0.0,0.0,0.0,3,1032.1,1013.2,100,0.0,0.45,14.4,270,30.6,11.2,9.9,9.3,11.9,0.268,0.269,0.271,0.279,0.306
2026-03-30 13:00:00,9.7,61,2.5,28,0.0,0.0,0.0,0.0,0.0,3,1031.1,1012.3,100,0.0,0.47,15.5,269,33.1,11.4,10.4,9.5,11.8,0.268,0.269,0.271,0.279,0.306
2026-03-30 14:00:00,9.9,64,3.4,53,0.0,0.0,0.0,0.0,0.0,61,1029.8,1011.0,100,0.0,0.44,18.0,267,36.4,11.8,10.7,9.6,11.8,0.268,0.269,0.271,0.279,0.306
2026-03-30 15:00:00,10.1,67,4.3,33,0.0,0.0,0.0,0.0,0.0,3,1028.8,1010.0,96,0.0,0.41,20.9,267,44.6,12.5,11.2,9.8,11.8,0.268,0.269,0.271,0.279,0.306
2026-03-30 16:00:00,10.8,66,4.7,58,0.0,0.0,0.0,0.0,0.0,3,1027.3,1008.6,100,0.0,0.44,21.8,262,47.9,12.6,11.8,10.0,11.8,0.267,0.268,0.271,0.279,0.306
2026-03-30 17:00:00,10.7,73,6.1,90,0.0,0.0,0.0,0.0,0.0,61,1026.7,1008.0,100,0.0,0.35,21.3,267,45.7,11.5,11.7,10.3,11.8,0.268,0.268,0.271,0.279,0.306
2026-03-30 18:00:00,11.0,77,7.1,65,0.0,0.0,0.0,0.0,0.0,3,1026.2,1007.5,100,0.0,0.3,20.9,268,48.2,11.5,11.4,10.5,11.8,0.268,0.269,0.271,0.279,0.306
2026-03-30 19:00:00,10.8,81,7.7,53,0.0,0.0,0.0,0.0,0.0,61,1025.7,1007.0,100,0.0,0.25,20.9,272,45.7,10.9,11.2,10.6,11.8,0.268,0.269,0.271,0.279,0.306
2026-03-30 20:00:00,10.9,80,7.6,48,0.2,0.2,0.0,0.0,0.0,61,1025.8,1007.1,100,0.0,0.26,20.9,270,44.6,10.8,11.0,10.6,11.7,0.268,0.269,0.271,0.279,0.306
2026-03-30 21:00:00,10.6,85,8.2,20,0.0,0.0,0.0,0.0,0.0,3,1025.8,1007.1,88,0.0,0.19,19.1,274,42.8,10.4,10.8,10.7,11.7,0.269,0.269,0.271,0.279,0.306
2026-03-30 22:00:00,10.8,89,9.0,5,0.0,0.0,0.0,0.0,0.0,3,1025.6,1006.9,84,0.0,0.14,17.2,280,38.9,10.3,10.6,10.7,11.7,0.269,0.27,0.272,0.279,0.306
2026-03-30 23:00:00,11.2,87,9.1,0,0.0,0.0,0.0,0.0,0.0,3,1026.6,1007.9,100,0.0,0.17,19.2,287,38.2,10.6,10.6,10.8,11.7,0.269,0.27,0.272,0.28,0.306
2026-03-31 00:00:00,11.0,82,8.0,10,0.0,0.0,0.0,0.0,0.0,61,1027.4,1008.7,92,0.0,0.24,19.7,285,42.8,10.4,10.6,10.8,11.7,0.27,0.27,0.272,0.28,0.306
2026-03-31 01:00:00,10.5,85,8.1,0,0.0,0.0,0.0,0.0,0.0,3,1027.6,1008.9,93,0.0,0.19,19.6,287,41.0,10.1,10.5,10.8,11.7,0.27,0.27,0.272,0.28,0.306
2026-03-31 02:00:00,10.2,87,8.1,0,0.0,0.0,0.0,0.0,0.0,3,1028.1,1009.3,97,0.0,0.16,19.1,290,40.0,10.1,10.4,10.8,11.7,0.27,0.271,0.272,0.28,0.306
2026-03-31 03:00:00,9.9,86,7.6,0,0.0,0.0,0.0,0.0,0.0,3,1027.6,1008.8,91,0.0,0.17,16.9,290,38.2,9.7,10.3,10.8,11.7,0.27,0.271,0.272,0.28,0.306
2026-03-31 04:00:00,9.6,85,7.2,0,0.0,0.0,0.0,0.0,0.0,3,1027.9,1009.1,100,0.0,0.18,15.8,297,34.6,9.5,10.1,10.8,11.7,0.27,0.271,0.273,0.28,0.306
2026-03-31 05:00:00,9.0,83,6.2,0,0.0,0.0,0.0,0.0,0.0,3,1028.1,1009.3,100,0.0,0.2,15.6,299,32.8,8.8,9.7,10.7,11.7,0.272,0.272,0.273,0.28,0.305
2026-03-31 06:00:00,8.6,79,5.1,0,0.0,0.0,0.0,0.0,0.0,2,1028.6,1009.7,73,0.0,0.23,14.3,304,32.0,8.5,9.4,10.6,11.7,0.271,0.272,0.274,0.28,0.305
2026-03-31 07:00:00,7.5,77,3.7,0,0.0,0.0,0.0,0.0,0.0,0,1029.3,1010.3,0,0.0,0.24,13.0,309,29.5,7.1,8.9,10.5,11.7,0.272,0.272,0.274,0.28,0.305
2026-03-31 08:00:00,6.7,77,2.9,0,0.0,0.0,0.0,0.0,0.0,1,1029.8,1010.8,52,0.0,0.23,12.3,308,26.6,6.7,8.2,10.4,11.7,0.272,0.272,0.274,0.28,0.305
2026-03-31 09:00:00,6.7,78,3.2,0,0.0,0.0,0.0,0.0,0.0,1,1030.5,1011.5,13,0.0,0.22,12.2,298,25.6,8.4,8.1,10.2,11.7,0.272,0.272,0.274,0.28,0.305
2026-03-31 10:00:00,7.9,72,3.2,0,0.0,0.0,0.0,0.0,0.0,1,1031.3,1012.3,41,0.0,0.3,13.3,303,28.4,11.7,9.2,10.1,11.6,0.271,0.272,0.274,0.28,0.305
2026-03-31 11:00:00,9.7,65,3.4,0,0.0,0.0,0.0,0.0,0.0,2,1031.0,1012.2,83,0.0,0.42,14.8,313,31.3,14.5,11.2,10.2,11.6,0.271,0.272,0.274,0.28,0.305
2026-03-31 12:00:00,11.1,57,2.9,0,0.0,0.0,0.0,0.0,0.0,3,1031.0,1012.2,85,0.0,0.57,17.1,312,36.0,17.2,13.1,10.4,11.6,0.27,0.271,0.274,0.28,0.305
2026-03-31 13:00:00,12.2,49,1.8,0,0.0,0.0,0.0,0.0,0.0,2,1030.3,1011.6,53,0.0,0.72,18.6,316,39.6,19.2,14.9,10.8,11.6,0.269,0.271,0.274,0.28,0.305
2026-03-31 14:00:00,12.8,47,1.8,0,0.0,0.0,0.0,0.0,0.0,3,1028.8,1010.2,100,0.0,0.79,19.7,320,40.7,18.8,16.5,11.3,11.6,0.268,0.27,0.273,0.28,0.305
2026-03-31 15:00:00,12.7,49,2.3,0,0.0,0.0,0.0,0.0,0.0,3,1028.8,1010.2,100,0.0,0.75,20.1,314,43.9,17.3,16.6,11.7,11.6,0.267,0.269,0.273,0.28,0.305
2026-03-31 16:00:00,12.8,49,2.3,0,0.0,0.0,0.0,0.0,0.0,3,1028.5,1009.9,99,0.0,0.75,18.2,321,43.6,15.4,16.0,12.2,11.6,0.267,0.269,0.272,0.28,0.305
2026-03-31 17:00:00,12.7,50,2.6,0,0.0,0.0,0.0,0.0,0.0,3,1027.6,1009.0,100,0.0,0.74,18.7,322,43.2,15.1,15.2,12.5,11.6,0.267,0.268,0.272,0.28,0.305
2026-03-31 18:00:00,12.6,50,2.4,0,0.0,0.0,0.0,0.0,0.0,3,1027.5,1008.9,100,0.0,0.73,16.6,321,39.2,13.7,14.7,12.7,11.7,0.267,0.268,0.272,0.28,0.305
2026-03-31 19:00:00,11.9,51,2.1,3,0.0,0.0,0.0,0.0,0.0,3,1027.5,1008.9,100,0.0,0.68,16.6,318,41.8,12.5,13.7,12.8,11.7,0.267,0.268,0.272,0.28,0.305
2026-03-31 20:00:00,11.7,55,2.9,0,0.0,0.0,0.0,0.0,0.0,3,1028.1,1009.4,100,0.0,0.62,14.3,309,34.2,11.5,13.0,12.8,11.7,0.267,0.269,0.272,0.28,0.305
2026-03-31 21:00:00,11.2,59,3.5,0,0.0,0.0,0.0,0.0,0.0,3,1028.4,1009.7,100,0.0,0.55,14.1,308,29.2,11.0,12.3,12.8,11.7,0.268,0.269,0.272,0.28,0.305
2026-03-31 22:00:00,10.9,58,3.0,5,0.0,0.0,0.0,0.0,0.0,3,1028.6,1009.9,100,0.0,0.55,12.7,305,30.2,10.7,11.8,12.7,11.7,0.268,0.269,0.272,0.28,0.305
2026-03-31 23:00:00,10.9,58,3.0,5,0.0,0.0,0.0,0.0,0.0,3,1028.0,1009.3,100,0.0,0.55,14.3,321,32.4,10.5,11.5,12.5,11.7,0.268,0.269,0.272,0.28,0.305
2026-04-01 00:00:00,10.6,62,3.6,13,0.0,0.0,0.0,0.0,0.0,61,1028.4,1009.7,100,0.0,0.49,15.5,312,31.7,10.3,11.3,12.4,11.7,0.268,0.269,0.272,0.28,0.305
2026-04-01 01:00:00,10.3,63,3.6,23,0.0,0.0,0.0,0.0,0.0,3,1028.3,1009.5,95,0.0,0.46,14.7,324,35.3,10.0,11.1,12.3,11.7,0.269,0.269,0.272,0.28,0.305
2026-04-01 02:00:00,10.0,67,4.1,18,0.0,0.0,0.0,0.0,0.0,2,1028.2,1009.4,69,0.0,0.41,13.9,329,30.2,9.3,10.7,12.1,11.8,0.269,0.27,0.272,0.28,0.305
2026-04-01 03:00:00,9.6,72,4.8,0,0.0,0.0,0.0,0.0,0.0,3,1027.0,1008.2,100,0.0,0.33,11.5,321,27.4,9.3,10.3,12.0,11.8,0.269,0.27,0.272,0.28,0.305
2026-04-01 04:00:00,9.3,74,4.9,0,0.0,0.0,0.0,0.0,0.0,3,1027.0,1008.2,100,0.0,0.3,13.5,331,28.1,9.3,10.2,11.8,11.8,0.269,0.27,0.272,0.28,0.305
2026-04-01 05:00:00,8.8,76,4.8,0,0.0,0.0,0.0,0.0,0.0,2,1025.4,1006.6,81,0.0,0.27,12.8,328,27.7,8.8,10.0,11.7,11.8,0.267,0.267,0.27,0.279,0.305
2026-04-01 06:00:00,8.4,79,4.9,0,0.0,0.0,0.0,0.0,0.0,3,1025.2,1006.4,90,0.0,0.23,12.2,326,26.3,8.2,9.6,11.5,11.8,0.267,0.268,0.27,0.279,0.305
2026-04-01 07:00:00,7.9,82,5.0,0,0.0,0.0,0.0,0.0,0.0,3,1025.5,1006.6,87,0.0,0.19,11.2,320,25.2,7.7,9.2,11.3,11.8,0.267,0.268,0.27,0.279,0.305
2026-04-01 08:00:00,7.3,85,4.9,0,0.0,0.0,0.0,0.0,0.0,3,1025.6,1006.7,100,0.0,0.15,10.9,314,23.8,7.2,8.7,11.1,11.8,0.268,0.268,0.27,0.279,0.305
2026-04-01 09:00:00,7.4,86,5.2,0,0.0,0.0,0.0,0.0,0.0,3,1025.8,1006.9,97,0.0,0.14,11.8,308,24.8,8.9,8.7,10.9,11.8,0.268,0.269,0.271,0.279,0.305
2026-04-01 10:00:00,8.4,80,5.2,0,0.0,0.0,0.0,0.0,0.0,3,1025.8,1007.0,100,0.0,0.22,13.8,317,28.8,10.6,9.5,10.8,11.8,0.268,0.269,0.271,0.279,0.305
2026-04-01 11:00:00,9.4,71,4.4,0,0.0,0.0,0.0,0.0,0.0,3,1025.6,1006.8,99,0.0,0.34,15.5,318,31.7,12.2,11.0,10.8,11.8,0.268,0.269,0.271,0.279,0.305
2026-04-01 12:00:00,9.9,68,4.2,0,0.0,0.0,0.0,0.0,0.0,3,1024.6,1005.9,100,0.0,0.39,14.1,310,32.4,12.1,11.5,10.9,11.8,0.268,0.269,0.271,0.279,0.305
2026-04-01 13:00:00,10.4,71,5.3,8,0.0,0.0,0.0,0.0,0.0,61,1024.3,1005.6,100,0.0,0.37,16.3,317,33.8,11.7,11.9,11.0,11.8,0.268,0.269,0.271,0.279,0.305
2026-04-01 14:00:00,10.8,70,5.5,30,0.1,0.1,0.0,0.0,0.0,61,1023.5,1004.9,100,0.0,0.39,21.4,315,44.3,12.6,12.1,11.1,11.7,0.268,0.269,0.271,0.279,0.305
2026-04-01 15:00:00,11.2,69,5.7,70,0.1,0.1,0.0,0.0,0.0,61,1022.5,1003.9,100,0.0,0.41,20.3,323,46.4,12.3,12.5,11.2,11.7,0.268,0.269,0.271,0.279,0.305
2026-04-01 16:00:00,12.0,69,6.5,85,0.2,0.2,0.0,0.0,0.0,61,1022.4,1003.9,100,0.0,0.44,17.8,313,44.3,13.4,12.5,11.4,11.7,0.27,0.27,0.271,0.279,0.304
2026-04-01 17:00:00,12.7,72,7.8,95,0.0,0.0,0.0,0.0,0.0,3,1021.3,1002.8,100,0.0,0.41,18.6,319,45.4,14.0,13.3,11.5,11.7,0.269,0.269,0.271,0.279,0.304
2026-04-01 18:00:00,12.7,75,8.4,95,0.0,0.0,0.0,0.0,0.0,3,1020.2,1001.7,99,0.0,0.37,15.4,323,47.5,13.5,13.2,11.7,11.7,0.269,0.269,0.271,0.279,0.304
2026-04-01 19:00:00,12.2,77,8.3,93,0.1,0.1,0.0,0.0,0.0,80,1019.7,1001.2,99,0.0,0.33,12.8,328,35.3,12.6,13.0,11.8,11.8,0.269,0.27,0.272,0.279,0.304
2026-04-01 20:00:00,11.5,82,8.6,85,0.1,0.0,0.0,0.0,0.0,80,1019.0,1000.5,100,0.0,0.24,9.5,335,28.4,11.2,12.4,11.9,11.8,0.269,0.27,0.272,0.279,0.304
2026-04-01 21:00:00,10.9,89,9.2,100,0.1,0.0,0.1,0.0,0.0,80,1019.0,1000.5,100,0.0,0.14,9.8,332,31.0,10.9,11.8,11.9,11.8,0.271,0.27,0.272,0.28,0.304
2026-04-01 22:00:00,10.5,93,9.4,98,3.4,3.4,0.1,0.0,0.0,63,1019.5,1000.9,97,0.0,0.09,9.4,342,25.2,10.7,11.5,11.9,11.8,0.302,0.293,0.274,0.28,0.304
2026-04-01 23:00:00,9.9,84,7.3,85,2.3,2.3,0.1,0.0,0.0,80,1019.9,1001.3,100,0.0,0.2,10.0,322,25.9,10.0,11.0,11.8,11.8,0.293,0.289,0.276,0.28,0.304
2026-04-02 00:00:00,9.3,84,6.7,60,3.9,3.9,0.0,0.0,0.0,63,1019.5,1000.8,100,0.0,0.19,10.4,326,23.0,9.6,10.7,11.7,11.8,0.314,0.308,0.282,0.28,0.304
2026-04-02 01:00:00,9.7,86,7.4,63,0.2,0.2,0.0,0.0,0.0,80,1019.3,1000.7,100,0.0,0.17,11.1,306,22.7,9.5,10.3,11.6,11.8,0.3,0.299,0.288,0.28,0.304
2026-04-02 02:00:00,9.4,85,7.0,73,0.0,0.0,0.0,0.0,0.0,3,1019.4,1000.7,100,0.0,0.18,13.0,309,31.7,9.5,10.1,11.5,11.8,0.296,0.295,0.29,0.281,0.304
2026-04-02 03:00:00,9.2,87,7.2,78,0.4,0.4,0.0,0.0,0.0,61,1018.9,1000.2,100,0.0,0.15,11.5,314,27.7,9.3,10.1,11.4,11.8,0.295,0.294,0.291,0.281,0.304
2026-04-02 04:00:00,9.0,85,6.6,70,0.1,0.1,0.0,0.0,0.0,61,1018.9,1000.2,100,0.0,0.17,13.5,304,28.8,9.3,10.0,11.3,11.8,0.293,0.293,0.291,0.282,0.304
2026-04-02 05:00:00,8.6,82,5.7,58,0.0,0.0,0.0,0.0,0.0,3,1018.5,999.8,100,0.0,0.2,15.2,301,31.7,9.0,9.9,11.2,11.8,0.306,0.306,0.305,0.288,0.305
2026-04-02 06:00:00,8.3,82,5.4,40,0.0,0.0,0.0,0.0,0.0,61,1018.4,999.7,100,0.0,0.2,13.0,309,31.7,8.7,9.6,11.1,11.8,0.303,0.304,0.304,0.289,0.305
2026-04-02 07:00:00,8.1,82,5.2,28,0.0,0.0,0.0,0.0,0.0,3,1019.0,1000.3,98,0.0,0.19,12.3,308,28.4,8.4,9.4,10.9,11.8,0.302,0.302,0.302,0.29,0.305
2026-04-02 08:00:00,8.1,84,5.6,20,0.0,0.0,0.0,0.0,0.0,3,1020.2,1001.4,89,0.0,0.17,11.6,296,25.9,8.4,9.2,10.8,11.8,0.301,0.302,0.302,0.291,0.305
2026-04-02 09:00:00,8.1,84,5.6,18,0.0,0.0,0.0,0.0,0.0,3,1020.2,1001.4,99,0.0,0.17,13.1,291,27.7,9.3,9.2,10.7,11.8,0.3,0.3,0.301,0.291,0.305
2026-04-02 10:00:00,8.4,83,5.7,18,0.0,0.0,0.0,0.0,0.0,3,1020.3,1001.6,100,0.0,0.19,13.4,294,29.5,9.7,9.6,10.6,11.8,0.299,0.299,0.3,0.292,0.305
2026-04-02 11:00:00,8.5,82,5.6,23,0.1,0.1,0.0,0.0,0.0,61,1021.2,1002.5,100,0.0,0.2,13.9,295,29.9,10.1,9.8,10.6,11.7,0.299,0.299,0.299,0.292,0.305
2026-04-02 12:00:00,8.8,83,6.0,50,0.2,0.2,0.0,0.0,0.0,61,1021.1,1002.4,100,0.0,0.19,13.0,298,29.5,10.1,10.0,10.5,11.7,0.298,0.299,0.298,0.293,0.305
2026-04-02 13:00:00,9.1,82,6.2,55,0.6,0.6,0.0,0.0,0.0,61,1021.5,1002.8,100,0.0,0.21,13.7,293,29.9,10.5,10.2,10.5,11.7,0.301,0.3,0.298,0.293,0.305
2026-04-02 14:00:00,9.3,81,6.2,50,0.4,0.4,0.0,0.0,0.0,61,1021.2,1002.5,100,0.0,0.22,14.8,288,31.7,11.0,10.5,10.6,11.7,0.302,0.301,0.299,0.294,0.305
2026-04-02 15:00:00,9.9,76,5.9,15,0.2,0.2,0.0,0.0,0.0,61,1021.1,1002.5,100,0.0,0.29,13.1,291,31.0,12.0,10.9,10.6,11.7,0.3,0.3,0.299,0.294,0.305
2026-04-02 16:00:00,10.7,76,6.6,5,0.2,0.2,0.0,0.0,0.0,61,1020.8,1002.2,100,0.0,0.31,11.8,310,33.1,12.7,11.5,10.7,11.7,0.299,0.299,0.299,0.294,0.305
2026-04-02 17:00:00,10.7,76,6.6,3,0.4,0.4,0.0,0.0,0.0,61,1020.3,1001.7,100,0.0,0.31,10.5,308,27.0,11.5,11.7,10.8,11.7,0.3,0.299,0.298,0.295,0.305
2026-04-02 18:00:00,11.1,75,6.8,0,0.2,0.2,0.0,0.0,0.0,61,1020.3,1001.7,100,0.0,0.33,14.1,283,30.2,12.4,11.7,10.9,11.7,0.3,0.3,0.299,0.295,0.305
2026-04-02 19:00:00,11.1,74,6.7,0,0.0,0.0,0.0,0.0,0.0,3,1020.1,1001.5,100,0.0,0.34,12.8,286,30.6,11.7,11.8,11.0,11.7,0.298,0.298,0.299,0.295,0.305
2026-04-02 20:00:00,11.1,73,6.5,5,0.0,0.0,0.0,0.0,0.0,3,1020.6,1002.0,100,0.0,0.36,10.7,282,25.6,10.7,11.4,11.1,11.7,0.297,0.297,0.298,0.295,0.305
2026-04-02 21:00:00,10.6,76,6.5,5,0.0,0.0,0.0,0.0,0.0,3,1021.1,1002.5,100,0.0,0.31,9.6,283,24.5,10.1,10.9,11.1,11.7,0.296,0.297,0.298,0.296,0.305
2026-04-02 22:00:00,10.2,79,6.7,5,0.0,0.0,0.0,0.0,0.0,3,1022.0,1003.4,100,0.0,0.26,10.1,270,22.0,9.7,10.6,11.1,11.7,0.295,0.296,0.297,0.296,0.305
2026-04-02 23:00:00,9.9,84,7.3,8,0.0,0.0,0.0,0.0,0.0,3,1022.2,1003.5,100,0.0,0.2,10.7,282,22.3,9.6,10.3,11.1,11.7,0.295,0.296,0.297,0.296,0.305
